x,Helpfulness,Clarity,Workload,Overall
2005-1-1,1.372,2.796,1.982,2.05
2006-1-1,2.192,2.276,2.227,2.231666667
2007-1-1,2.93,3.251,3.707,3.296
2008-1-1,3.405,3.66,2.947,3.337333333
2009-1-1,4.974,3.73,4.774,4.492666667
2010-1-1,5.154,5.511,4.632,5.099
2011-1-1,6.708,5.615,5.253,5.858666667
2012-1-1,7.196,6.447,7.558,7.067
2013-1-1,7.552,7.857,7.483,7.630666667
2014-1-1,9.453,8.774,8.638,8.955
