Year,Workload,Easiness,Relevance,Overall
2005,8.226,9.659,9.051,8.978666667
2006,9.166,9.177,9.433,9.258666667
2007,8.608,9.662,8.804,9.024666667
2008,8.877,8.422,7.672,8.323666667
2009,9.776,7.548,9.763,9.029
2010,8.624,9.532,8.23,8.795333333
2011,8.805,7.942,8.031,8.259333333
2012,9.683,9.313,8.888,9.294666667
2013,8.613,8.128,7.573,8.104666667
2014,9.717,9.906,7.65,9.091
