Year,Workload,Easiness,Relevance,Overall
2005,2.796,2.539,3.228,2.854333333
2006,3.853,3.107,2.472,3.144
2007,2.434,2.419,4.888,3.247
2008,2.276,2.271,3.407,2.651333333
2009,4.87,3.234,4.003,4.035666667
2010,2.216,4.45,4.387,3.684333333
2011,2.451,2.372,4.511,3.111333333
2012,3.052,4.283,4.92,4.085
2013,4.059,4.565,2.532,3.718666667
2014,4.592,2.284,2.879,3.251666667
